body,predicted_sentiment,predicted_opinion,predicted_plausibility,your_sentiment,your_opinion,your_plausibility
"The biggest plot hole for me is sending the human to space when there are very capable, fully functional replica‚Äôs to go. Absolutely shambolic writing. Couldn‚Äôt get past that!",Neutral,Weak,Medium,,,
When I watched it I kept being like okay I get not wanting people to see you masturbate especially classmates..and as the tasks kept getting more intense I kept reverting back to that and was like well I guess now they also have proof of other crimes he‚Äôs committed but it was revealed it was CP I was blown away. I think it‚Äôs because it‚Äôs rare to see pedophiles depicted as people in their late teens but totally valid. But in pure height of black mirror greatness all the sudden so much made sense especially them focusing on interaction with a little girl he has in the beginning and the creepy way he stares after you know ugh. Love this episode and white bear,Positive,Strong,High,,,
I have thought about this episode every single day since it first came out. mind uploading into a digital hell/prison is such a terrifying concept especially when there are people in our world today actively working on the development of certain parts of that technology. if scientists ever do crack the code and figure out digital ‚Äúimmortality‚Äù then we have all the pieces to literally send people to hell. people scoff at the plausibility but our modern day tech is the science fiction of our not so distant past. I wish I never saw this episode or any of the other ‚Äúcookie‚Äù episodes it really fucking scares me,Neutral,Strong,Low,,,
"I know this post is old, but I just watched the episode and I have to disagree.¬†

If Nida is an unreliable narrator, and what other people see is reality, then we have to accept that the nuclear attacks happened. Nida wasn‚Äôt present when the others saw the bombs. She could have just been imagining it, but if we open that up as a possibility, then literally anything that happened the whole episode could have been imagined. Everything could just be a dream and pointless. There‚Äôs a difference between something being left ambiguous and a story lacking internal logic that makes it indeciferable.

If they wanted it left as ambiguous as to whether it was all in Nida‚Äôs head, they would have only have shown the explosions only through Nida‚Äôs POV in the interrogation room. They intentionally chose not to do that. So either they wanted to establish the bombs dropped or they made a mess of a story.

Also, the endless void can‚Äôt be a metaphor for death when Nida explicitly described it as a metaphor for her life.

The point of the story is about Consequentialism vs Nonconsequentialism. Essentially, could Nida kill a good person to prevent worse things from happening. I think that‚Äôs what sparked the idea for the episode, but they bogged it down with so many other random things it became a mess.

The key point is at the end, when she asks the police officer if he‚Äôs a good person. Throughout the story she gradually becomes more corrupted. But she never stops trying to find loopholes to avoid feeling guilt. At the end, the target was the police officer. Gaap tells her, and she refuses. She has motive and opportunity, but she still refuses. But no matter what she tries, she still ends up needing to kill him in order to complete the mission. There, in the field she can‚Äôt accept murdering a good man even to prevent Nuclear War and/or a Neo-Nazi movement. And she dooms others with that choice.

Nida never really picks a side. She doesn‚Äôt refuse to murder because it‚Äôs wrong. She also won‚Äôt murder to avoid worse outcomes. She just keeps looking for loopholes. So she neither perishes in the fire with the others, nor saves the world. She just disappears into oblivion.",Positive,Strong,High,,,
"Their end goal wasn't to leave the game though, that was never on the table, they were trying to comit collective suicide to escape Daly. Yes they're still inside the game, which is basically a whole universe. They're not confined to the ship, we see them visit diferent planets.

It's not happy, but it's best case scenario for them since they're no longer captive and can now die on their own terms.",Neutral,Weak,High,,,
"I'd do the cake and that but, I'd draw the line at the bank. You can leak me doin some hand to gland combat. Not doing a robbery. ",Neutral,Weak,Medium,,,
Idk how it would distract from the cookie concept rather than get the audience to focus on it and realize how inhumane it is,Neutral,Weak,Medium,,,
"I think dislike of B√™te Noire over the tech is from either a lack of imagination or a lack of explanation

For example, imagine reality is a computer simulation, which would be very non-farfetched in regards to tech seen Black Mirror episodes. We've seen simulated worlds there before.

If it's a simulation, then it's not impossible that someone could figure out how to manipulate the simulation - to jump between many simulated universes, rewrite them, etc. 

Their reality could be so ""hackable"" because it isn't reality at all, but a simulation.",Neutral,Weak,Low,,,
Definitely not the best time to have a meta episode shitting on Netflix considering what they are doing right now.,Neutral,Weak,Medium,,,
"I love Hated In The Nation's music, the ethereal sounds for the bees is just... Perfection.",Neutral,Mixed,Medium,,,
"This has always been one of my favourites, if not my absolute favourite. I just love their chemistry and the whole concept. The whole time you know something is off but when you find out exactly what‚Äôs going on, I think it‚Äôs one of the best ‚Äúreveals‚Äù",Positive,Strong,Medium,,,
This was my favorite episode. The whole facility and 15 million credits plot was probably my favorite little corner of the black mirror universe. And the ending to this episode was a lot darker than it gets credit for. I would love to see an extended version of that universe,Positive,Strong,Medium,,,
"The thing that really made no sense to me was that she was worried about going back in time because she‚Äôs black, and the producers were like don‚Äôt worry, they can‚Äôt see you, they‚Äôre just a simulation. But then, the lesbian actress fell in love with her? Because she somehow knew she was a woman? Like explain that shit to me. 

I thought the idea of somebody staying sequestered to a single building in a simulation because they were in love was an interesting concept. And what does it say about love and reality? To be in love with something that isn‚Äôt truly human but is so close you couldn‚Äôt tell the difference? To willingly give up reality for a dream: for something fake. Is that love, or is it weakness?Wouldn‚Äôt that have been so interesting? lol the writer was too dumb for anything interesting like that, instead you get a cookie cutter bullshit plot that really doesn‚Äôt deserve to be on a show like black mirror",Positive,Strong,High,,,
"It was an extremely well done episode that I will never watch again. It was so deeply unsettling to me that I swore I'd only watch it once, then my teenager wanted to watch the whole show with me and I dealt with it a second time. It's so effective in it's twist for me that I can't ever do it again. One of very few episodes I skip (also skip the pilot because twice was enough for that too.)",Neutral,Strong,High,,,
I love this reflection. Hated in the Nation is one of my favorite Black Mirror episodes (and I get hate for it haha)!!!!!,Positive,Mixed,Medium,,,
Why didn't they send the replicants into space instead of the actual men? That's my question.,Neutral,Weak,Medium,,,
The only thing that bothered me about this episode was watching this tiny frail woman physically overpower multiple larger people without even getting hurt.,Neutral,Weak,Medium,,,
"Grieving, moving on, seeing dead ones aside. I really enjoyed it just for her attachment and then slow realization that it will never be him. That the subtleties of his personality are gone (which itself is kind of a comment of our social media persona). For instance I loved how the song in the car. He calls it crap, but 5 seconds later is singing along with her, while the robot only calls it crap.",Positive,Strong,Low,,,
">>He died IRL/got trapped in his game without a failsafe?
>
>Bugs exist. He's not the core developer anymore - he's the lead CTO. There are plenty of cases of a game not closing properly. This is one of them. While he's the mastermind of the game, it's impossible to know everything of your own complex MMORPG.


Yup. I'd add that this appears to be the later version of the technology from _Playtest_. It's more robust now, but interrupting the program while it's running and hooked up to someone's brain is still gonna cause issues. And Daly was running a forked modded copy that suddenly got hit with a standard version patch. Yeah, good odds that's gonna crash.",Positive,Strong,High,,,
"Why didn't they have any backups in case this replica thing had an issue? Why was there no security posted on either of their homes when they're involved in some unbelievably high tech mission and are literally the only two people up there? If David owned a gun, this whole episode doesn't happen. All it took was 4 people with hammers and knives and they took down half of the team aboard this spaceship, which in the 1960s was likely the most sophisticated thing all of humanity had ever created. 

I know it's a minor complaint, but it's the event that sets the entire plot into motion. Most of this season had little things like this, unfortunately.",Neutral,Mixed,High,,,
It‚Äôs the only episode I‚Äôve only watched once. Know several people who started with this episode and never watched another one lol I always advise people to save it for the last episode,Neutral,Weak,Low,,,
White Bear should be top 5 AT LEAST! Nosedive too,Neutral,Weak,Medium,,,
"It's sad, but on the flipside if you'd told me in 2012 how many more amazing episodes we'd get, I wouldn't believe you.

From White Christmas to Crocodile to... Well, name your favourites, right up to Common People and Hotel Reverie and the other one... It's been brilliant.

So my big wish is they don't dilute the quality muc, and maybe CB will write a few more when inspiration strikes.",Positive,Strong,Medium,,,
"Honestly, at this point any protagonist who isn't a secret serial killer is a plot twist for me.",Neutral,Weak,Medium,,,
"Just finished Smithereens and it is my favorite of S5. The acting was good and plot was gripping.
The commentary on social media from Smithereens is parallel to that of Nosedive; it's all about clicks and likes.",Positive,Mixed,Medium,,,
It‚Äôs funny that one of the reasons people get a ‚ÄúDisney channel‚Äù vibe is because Miley Cyrus was on Disney.,Neutral,Weak,Medium,,,
"I am left so confused.  So the crew (aside from Daly who will die shortly) exists in human and digital clone format and we are left at the end with the transformation of the digital clones.  But what does it mean to the humans that these clones exist?  Are they even aware of the digital clones and does it have any impact on their real life?  On the other side of things, is it meaningful what the digital clones feel and experience?  How human are they or are the clones even human?",Neutral,Strong,Medium,,,
"Good catch!

As someone who has gone through multiple therapists and depressive episodes, I really recognize myself in your description.

The dismissive attitude towards positive things is something a friend told me; she said that I ignore my good things and later someone else suggested that I write down all the positive things I do and what others tell me.

So I currently have a piece of paper on my wall, with all the nice things people have said about me, which serves as a reminder that I'm not a complete asshole.",Positive,Weak,Medium,,,
"Honestly, I'm just surprised at the lack of imagination of most of the people in the comments. You won't make sense of anything if you can't put yourself in the character's position. Imagine if it's YOU who got your life stolen and filmed on Netflix. Then, the actor's reaction was pretty reasonable.e

All I see is a bunch of salty people that got mind-fucked and raged out of confusion based on the lack of understanding about the depths of this world that we live in.

Stay basic, stay stupid, stay confused.

This show is bomb.",Neutral,Strong,Medium,,,
">Daly was a god in his virtual prison‚Äîit's peculiar that he would die so easily.

I think it was worth noting that Daly, in all his forms, seemed to think of himself as above others, especially women, so he probably wouldn't think of Nanette as a threat to his existence, especially after he'd spent what seemed like 500 years manipulating everything around him. So his defenses are down and she has the surprise on her side.

I think if Brooker had wanted to convey that Daly escaped in some form there would have been more direct clues, but I wouldn't be surprised if he's leaving it open in case of a third installment.

As it stands, I interpret the ending as Daly is dead dead dead, Nanette is a combination of her natural self and her digital clone, and her surviving mates are stuck trapped in her consciousness until she figures a way to get them out - which she may do eventually but right now she just wants a break from having to work for everyone's survival 24/7.

I don't have a good answer to the cellphone question. Maybe in the hospital Nanette was hooked up to some sort of brainwave monitor that... I don't know.",Positive,Strong,High,,,
"I loved this episode, but... How would Robert/Bob slave could see the camera of the hospital but never in those '500 years as slave' didn't watch the real world through other cameras?

Also, Nanette at the end put the blue disk (the 3rd option) into the PC. How is that they are in her head and not in their normal bodies as her?

Besides that, I very liked the continuation and the humorous part despite all the drama. I got the Cast Away reference with Wilson (now Rocky) immediately.

Edit: i remembered the Metallica part, saying Exit Sandman instead of Enter Sandman. Basic joke but pretty funny and out of context.",Positive,Strong,High,,,
"I thought that was a very interesting insight and I related to it as well. Loch Henry also had a bit about how people only want to watch the most awful shit.

Most of the social commentary seems to gone over the average basement dwelling redditor's head as they keep crying about it not being like the other seasons.

It's actually hilarious you can read in this sub that people are pissed it wasn't all awful endings like Shut Up and Dance - they're acting exactly like the show said they do IRL.",Positive,Mixed,High,,,
"One of the things I liked most about it is that the ""dog"" looked real. The way how it wasn't perfect and the design looked tangible, like I can see that design of a quadruped robot existing today.",Neutral,Weak,Medium,,,
Hated in the Nation,Neutral,Mixed,Medium,,,
"I'd say, unfortunately, yes. Not everybody has the courage or the will to re-examine particularly painful moments in their past or to really come to grips with their own personal failings.

He at least *perceived* that he had more invested in the relationship than she did (even if that wasn't actually so) and it was this cognitive bias that led him to frame that memory the way he did for years. A loss that profound, even if essentially self-inflicted (as we find out in the end), could well lead to depression and alcoholism as happened with Phillip. One coping strategy he seems to have settled on in the years that followed was to place an undue amount of blame on Carol.",Positive,Strong,High,,,
The amount of corporate bullshit in that episode - so real tbh,Neutral,Weak,Medium,,,
"I actually disagree. Part of what made Eulogy work for me was that the baby wasn‚Äôt his.

That absence of connection made the whole situation feel even more alienating and haunting. It reinforced the themes of memory, legacy, and how much (or little) we actually mean to others in the end.

If the baby had been his, it would have shifted the story toward closure and reconciliation, which isn‚Äôt really the point of the episode. The coldness of that final reveal hits harder because there's no redemptive twist, it‚Äôs just empty. And that's why the scene with him crying, looking at her playing the cello is so much more bittersweet because he knows that this is just something that can't be reconciled. 

It's showing that as much as we can use technology to go back to the past, you can't really go back to fully change the real world and what happened in it, and you can't escape what happened even if you tried to be as thorough as possible and cut out all memories of somebody. It's showing that trauma will still exist and it's up to you to decide how to move on. 

His reason for attending the funeral is to signify that he's moving on, and he's accepting that all that shit happened. He's closing the chapter on her, but opening himself up seeing a part of her life that he never got to see - the daughter and the people that were privy to what she was like before she was gone.",Positive,Strong,High,,,
They obviously are very serious about their job so I'd like to think what will happen after they get back to Earth. Will they immediately kill each other then? Will they join forces and find cult people and murder them instead? Will they go back to the respective lives and feel dead inside for the rest of their life? Or will they fall in love and forget everything that had happened?,Neutral,Weak,Medium,,,
Arguably my favorite episode from season 5.,Neutral,Weak,Medium,,,
"the ""nonchalance"" meter in the real world is $$$!",Neutral,Weak,Medium,,,
"I loved this ep, I was on the edge of my seat the whole time! The ending did piss me off a lil bit tho.. I was thinking she‚Äôd go back to her body and the crew would be sent to that alternate universe.. then the game would be deleted along with the crew. That seemed like a better ending to me tbhü§£ but whatever Daly got a blade to the head so I‚Äôm happy #thatsickfuck",Positive,Strong,Medium,,,
"There are a lot of Easter Eggs and tongue-in-cheek references to other episodes. I've never thought that they were indicators that episodes take place in the same universe, especially since each episode has its own distinct world and feel. I just think it's the writers dropping things in for fans to catch.

Or maybe the episodes take place in the same multiverse, with each episode being in a different universe and sometimes referencing different versions of events that took place in other universes in other episodes.",Neutral,Weak,Low,,,
"Watching it I totally forgot it was a tv show, the acting, production, storyline, everything was so well done. One of the top episodes of the series I reckon",Positive,Weak,Medium,,,
"I so agree with you. I thought I misunderstood something because they were so slow to figure it out. As soon as the girl tells her story and points to the guy that saved her, my mind went on the same track as yours. She was the victim of online bullying because of a picture she posted.  While more tame than the first two victims, it was exactly the same and he saved her. So why would he target people who were victims of the exact same thing? 
It nearly ruined it for me because it was absurd logic coming from longtime detectives, and I'm just a random layperson. ",Positive,Strong,High,,,
The ending clip when it shows the mother commenting about dad's videos and the sons comment about them not being a certain quality...makes me believe he knew. That it wasn't a shock.,Neutral,Weak,Medium,,,
"holy shit I never even thought about this, take my upvote",Neutral,Weak,Low,,,
Far from underrated especially on this subreddit,Neutral,Weak,Medium,,,
"Oh you should have been here before s4 debuted.  The hate for SJ was amusingly over the top.  There are a lot of people who are still bitter that their favorite episodes haven't been awarded with emmy's, and take it out those of us who consider SJ the best, or among the best, that BM has to offer.",Positive,Strong,Medium,,,
"That's pretty much how the mind works. In cultures where female breasts aren't traditionally covered up, they aren't regarded as sexually relevant or any more taboo than a woman's hands. 

Basically, Sara developed obsessions with concepts that were literally censored by a chip in her brain. She can't see violence, so she's obsessed with it. She can't see drugs, so she wants to try them. She can't see sex,  so she couldn't wait to experience it. 

This is why the mom was advised by a psychiatrist to discontinue using the device, but they should have followed up with her. Since it's Black Mirror, they didn't account for a parent getting addicted to the ability to monitor and protect her child. And just because Sara stopped self-harming (she couldn't see blood, but *feeling it* appealed to her, and she might have been able to make out its color if she *drew a ton of blood)* doesn't mean her problems were over. For example, she found it appealing when a teenaged Trick wanted to show porn and extreme violence to a preteen girl, and later jumped at the chance to do drugs and have unprotected sex with Trick when she was 15, and he was probably 17-18.

The surveillance wasn't the only problem. The censoring created real developmental issues that made Sara high-grade reckless, and also apparently unaware of how contraception works.",Positive,Strong,High,,,
I always imagined them being really shiny black and well maintained like a new iPhone or a sleek computer. ,Neutral,Weak,Medium,,,
Nothing made sense about this episode to me. Even the premise ‚Äúwhat if we could replace an actor from an old classic movie with a current popular actor‚Äù makes no sense because I can‚Äôt think of why anyone would care about or want to watch something like that. Especially given the fact there is currently already enough technology and CGI to do something like this in a much easier way. I just don‚Äôt see the appeal at all of the tech itself and then the way they handled the filming process also didn‚Äôt make sense at all. And the way they set up the plot was lazy to me where Issa was like ‚Äúit‚Äôs so frustrating I can‚Äôt get any good roles where is my hotel reverie‚Äù and then conveniently they are looking to remake that exact movie at that exact time and her agent or whoever knows about it. And then the flash drive was supposed to explain everything but they filmed anyways after she didn‚Äôt watch it knowing they were throwing her into a very disorienting and confusing and overwhelming environment to do something she was not at all prepared to do. Also aren‚Äôt flash drives a bit outdated even in todays world? That bit of tech seemed out of place to me. One of the weakest premises of a black mirror episode to me and one of the weakest executions as well.,Positive,Mixed,High,,,
"Every episode I want to list has been listed, but I'm so glad to see *Playtest* get some love, especially since it has a sad ending.  Dude lived out his worse fears and it happened so fast, no one could reasonably understand what he went through.  It probably was never even looked into.",Neutral,Strong,Low,,,
"For one, the complex Narrative Structure. The episode weaves multiple storylines into a single, cohesive narrative. BM is at its best when it mind fucks you with frightening concepts and White Christmas delivers. This is actually my favorite episode of television of all time",Neutral,Weak,Medium,,,
